Day,Aviary,AviaryRank,Cohesion,Cohesion_norm,Day_norm
90,0,0,0.45175395145262554,4.2383321133594505,0.7264857276555919
97,0,0,-0.11478177006205834,-1.0768766062100037,0.7829901731399157
102,0,0,0.14183100131705148,1.330651089202536,0.8233504913430042
103,0,0,0.2343117450621108,2.198300624578333,0.8314225549836218
104,0,0,0.21081877480335598,1.9778907975791316,0.8394946186242396
107,0,0,0.23695253929290558,2.2230764189176235,0.8637108095460926
110,0,0,0.12014969294360296,1.1272381799333349,0.8879270004679457
111,0,0,0.5635860513817561,5.287535067555995,0.8959990641085633
118,0,0,0.23137734465563325,2.1707702323454874,0.9525035095928872
119,0,0,0.2221459603313994,2.0841618639928616,0.9605755732335048
120,0,0,0.19468904513465463,1.826562511429469,0.9686476368741226
121,0,0,0.1711718807269889,1.605925696181565,0.9767197005147402
123,0,0,0.16314408485736442,1.5306093322088377,0.9928638277959756
124,0,0,0.20476798914077385,1.9211226407045454,1.0009358914365933
125,0,0,0.30843909022826116,2.893759527561991,1.009007955077211
126,0,0,0.3130652974983011,2.9371623639347977,1.0170800187178286
127,0,0,0.3353144810510874,3.145903048647308,1.0251520823584463
128,0,0,0.34688430468632925,3.2544505331827986,1.033224145999064
129,0,0,0.3507995453934239,3.2911831181818956,1.0412962096396818
130,0,0,0.5837010073815322,5.476252540194646,1.0493682732802994
131,0,0,0.6252215265190012,5.865795894619837,1.057440336920917
97,1,18,-0.09991561721454917,-0.937403132180379,0.7829901731399157
103,1,18,0.11511456250092077,1.0799988475898044,0.8314225549836218
104,1,18,0.07458397092777165,0.6997429421670308,0.8394946186242396
107,1,18,0.051599228269283065,0.48410128012173287,0.8637108095460926
110,1,18,0.050246124624797335,0.47140653199460114,0.8879270004679457
111,1,18,0.040777651168409555,0.3825738057159284,0.8959990641085633
116,1,18,0.10986428681717363,1.030741033766898,0.9363593823116518
118,1,18,0.06531187825714964,0.6127526502225382,0.9525035095928872
119,1,18,0.09078626413607309,0.8517520156770632,0.9605755732335048
120,1,18,0.0386511110386001,0.36262271664733803,0.9686476368741226
121,1,18,0.01145536331827849,0.10747362378555997,0.9767197005147402
123,1,18,0.07255685658593594,0.68072466067812,0.9928638277959756
124,1,18,0.058376310073838394,0.5476835096844178,1.0009358914365933
125,1,18,0.06418889320097913,0.6022168627411323,1.009007955077211
126,1,18,0.08322877510871592,0.7808480460758839,1.0170800187178286
127,1,18,0.05762060556688172,0.5405935292431935,1.0251520823584463
128,1,18,0.1596187126604841,1.497534473327057,1.033224145999064
129,1,18,0.12643245044831902,1.186182684584736,1.0412962096396818
130,1,18,0.20659772098460655,1.9382890898470844,1.0493682732802994
131,1,18,0.01910826460864573,0.17927274628362824,1.057440336920917
86,2,3,-0.9999999999999999,-9.381948070915579,0.6941974730931212
90,2,3,-0.9999999999999999,-9.381948070915579,0.7264857276555919
102,2,3,0.1965643738088024,1.8441567476662224,0.8233504913430042
104,2,3,0.225900297246966,2.1193848579754286,0.8394946186242396
108,2,3,0.26945375174383085,2.528001106373999,0.8717828731867103
109,2,3,0.18345539019232196,1.7211689441139197,0.879854936827328
115,2,3,0.12902065526374978,1.2104650877600012,0.9282873186710341
116,2,3,0.13485338273978179,1.265187434051936,0.9363593823116518
118,2,3,0.1919412739613744,1.800783064970995,0.9525035095928872
119,2,3,0.18351951618873172,1.721770570882232,0.9605755732335048
120,2,3,0.2540613558217053,2.3835904471456444,0.9686476368741226
121,2,3,0.2842965125499964,2.6672551174864654,0.9767197005147402
123,2,3,0.23559467499919895,2.2103370066267174,0.9928638277959756
124,2,3,0.22608828908739712,2.1211485876601093,1.0009358914365933
125,2,3,0.18412686209283663,1.7274686586156274,1.009007955077211
126,2,3,0.17238667096498758,1.6173227951115239,1.0170800187178286
127,2,3,0.19217921052946402,1.8030153734969838,1.0251520823584463
128,2,3,0.19043649548830632,1.7866653114784388,1.033224145999064
129,2,3,0.12377549330130218,1.1612552506047762,1.0412962096396818
130,2,3,0.10988024132808678,1.0308907181597822,1.0493682732802994
131,2,3,0.16668603864092238,1.5638397586757613,1.057440336920917
102,3,17,0.2535393283801708,2.378692812797575,0.8233504913430042
104,3,17,0.19377412012614886,1.817978732510886,0.8394946186242396
107,3,17,0.23756417833006876,2.228814784602433,0.8637108095460926
108,3,17,0.2376200297029163,2.229338779282178,0.8717828731867103
109,3,17,0.24312148751000448,2.2809531707426127,0.879854936827328
110,3,17,0.23797740042131643,2.232691612804274,0.8879270004679457
115,3,17,0.06921477470433336,0.6493694220161768,0.9282873186710341
116,3,17,0.13395363537789584,1.2567460510257786,0.9363593823116518
118,3,17,0.05071480209829305,0.47580363971294587,0.9525035095928872
119,3,17,0.0007631242670921172,0.007159592245513754,0.9605755732335048
120,3,17,-0.018772654487975052,-0.17612406955942222,0.9686476368741226
121,3,17,0.012803594453528013,0.12012265828406256,0.9767197005147402
123,3,17,0.03681855103317402,0.34542973383959374,0.9928638277959756
124,3,17,0.010126494640183689,0.0950062468546083,1.0009358914365933
125,3,17,-0.0028906752958415406,-0.02712016551546386,1.009007955077211
126,3,17,0.030079624275049916,0.28220547294117,1.0170800187178286
127,3,17,0.025265375237486582,0.2370384384702955,1.0251520823584463
128,3,17,0.09515689327770112,0.8927570313210477,1.033224145999064
129,3,17,0.08874307919775894,0.8325829606865229,1.0412962096396818
130,3,17,0.06426847882333186,0.6029635309172371,1.0493682732802994
131,3,17,0.04712216949263523,0.442097747168786,1.057440336920917
68,4,11,-0.003537464712274839,-0.03318831023325886,0.5489003275620028
69,4,11,0.0613855075004511,0.575915643676031,0.5569723912026204
70,4,11,0.19692741527028115,1.8475627838054054,0.5650444548432382
71,4,11,-0.18869729486606665,-1.7703482215556823,0.5731165184838558
73,4,11,-0.059427314464873524,-0.5575439783034136,0.5892606457650912
74,4,11,0.14099495839759016,1.3228073779470932,0.5973327094057089
76,4,11,0.006184972219864243,0.05802708818682178,0.6134768366869443
78,4,11,0.08967941274635483,0.8413675934165057,0.6296209639681797
79,4,11,0.09198845253898393,0.8630308848446295,0.6376930276087973
80,4,11,0.07407900317989446,0.6950053609789599,0.6457650912494151
81,4,11,0.06084360828545286,0.5708315733812477,0.6538371548900327
82,4,11,0.05839008799147435,0.5478127733922037,0.6619092185306504
83,4,11,0.03159674757305484,0.2964390449402284,0.6699812821712681
84,4,11,0.04571499099508778,0.42889567157828684,0.6780533458118858
85,4,11,0.0161315142765768,0.15134502924807683,0.6861254094525034
86,4,11,0.11289166849522829,1.0591437714612482,0.6941974730931212
87,4,11,0.12741328989857215,1.1953848693729163,0.7022695367337388
88,4,11,0.13422515585774933,1.2592934420679542,0.7103416003743566
90,4,11,0.16593692674355198,1.5568116297553272,0.7264857276555919
91,4,11,0.16746687758868323,1.571165549135402,0.7345577912962096
92,4,11,0.10432385331178068,0.9787609743289406,0.7426298549368273
93,4,11,0.12748662710141825,1.1960729152016847,0.750701918577445
95,4,11,0.1444341085584073,1.3550733061639606,0.7668460458586803
97,4,11,0.08117041793575218,0.7615366459677415,0.7829901731399157
98,4,11,0.04476589371512987,0.41999129018347453,0.7910622367805334
99,4,11,0.023991179346046946,0.22508399878463484,0.7991343004211511
100,4,11,0.04499367332449207,0.42212830665012413,0.8072063640617688
101,4,11,0.06684486417104904,0.6271350444601874,0.8152784277023865
103,4,11,0.09603014765476568,0.9009498585393672,0.8314225549836218
104,4,11,0.07834284184424434,0.7350084739106525,0.8394946186242396
108,4,11,0.0004988144023768049,0.004679850820123972,0.8717828731867103
110,4,11,0.03753384923599499,0.3521406244336794,0.8879270004679457
112,4,11,-0.05561044543085357,-0.5217343112327527,0.9040711277491811
113,4,11,-0.09553348649293965,-0.8962902093102747,0.9121431913897987
114,4,11,-0.11104951481463161,-1.0418607812912442,0.9202152550304165
68,5,10,0.005831527501481131,0.05471108819301205,0.5489003275620028
69,5,10,0.03802222538425158,0.3567225440956965,0.5569723912026204
70,5,10,0.1317812242183206,1.2363646023379662,0.5650444548432382
71,5,10,0.244957516576285,2.298178700099148,0.5731165184838558
73,5,10,0.41310071510455143,3.8756894571689924,0.5892606457650912
74,5,10,0.3485602614173363,3.2701742722022082,0.5973327094057089
76,5,10,0.24144141148318055,2.2651907847037602,0.6134768366869443
78,5,10,0.17722123326002856,1.6626804075092048,0.6296209639681797
79,5,10,0.19232345961903957,1.8043687109646585,0.6376930276087973
80,5,10,0.18660668793360174,1.7507342558786003,0.6457650912494151
81,5,10,0.21093527494255593,1.9789837958353598,0.6538371548900327
82,5,10,0.15985224962550484,1.4997255050055207,0.6619092185306504
83,5,10,0.09035995577452577,0.8477524127668291,0.6699812821712681
84,5,10,-0.03024120098333285,-0.2837213772277499,0.6780533458118858
85,5,10,-0.04646459697276424,-0.4359284359344953,0.6861254094525034
87,5,10,-0.10028629539043768,-0.9408808155775867,0.7022695367337388
88,5,10,-0.09703821783156236,-0.9104075205899121,0.7103416003743566
90,5,10,-0.1245566526279183,-1.1685840468422,0.7264857276555919
91,5,10,-0.11036069415816897,-1.0353983016621375,0.7345577912962096
92,5,10,-0.13262808481220922,-1.2443098044531342,0.7426298549368273
93,5,10,-0.10584730889356939,-0.9930539554856287,0.750701918577445
95,5,10,0.010811449703367181,0.10143245968830654,0.7668460458586803
97,5,10,0.02453493366781737,0.23018547359482086,0.7829901731399157
98,5,10,0.13911797586882074,1.3051976253321629,0.7910622367805334
99,5,10,0.09091510387892329,0.8529607834539539,0.7991343004211511
100,5,10,0.23123685596796367,2.1694521747732205,0.8072063640617688
101,5,10,0.3123518577044095,2.930468908836782,0.8152784277023865
103,5,10,0.12914530667560808,1.2116345608330221,0.8314225549836218
104,5,10,0.4353768314482456,4.0846828239272055,0.8394946186242396
108,5,10,0.23010452383968294,2.158828693546661,0.8717828731867103
110,5,10,0.2055653803875469,1.9286037239739728,0.8879270004679457
112,5,10,0.1757449281857744,1.648829789965723,0.9040711277491811
113,5,10,0.01753239132369851,0.16448798495791028,0.9121431913897987
114,5,10,-0.000715243185586924,-0.006710374425252756,0.9202152550304165
115,5,10,0.023873152661336154,0.22397667855769585,0.9282873186710341
118,5,10,-0.0013132053334306546,-0.01232042424469578,0.9525035095928872
119,5,10,0.006587408730843945,0.06180272663467379,0.9605755732335048
120,5,10,-0.0063547244667439134,-0.05961969495196809,0.9686476368741226
122,5,10,0.027239671746948513,0.2555611857986572,0.984791764155358
123,5,10,-0.055353673118383885,-0.5193252867311132,0.9928638277959756
124,5,10,-0.030910968849363243,-0.29000510456641504,1.0009358914365933
125,5,10,-0.016816365584380724,-0.15777026865419186,1.009007955077211
126,5,10,-0.11870610107099892,-1.1136944759489682,1.0170800187178286
127,5,10,-0.20843545970350602,-1.9555306590757102,1.0251520823584463
128,5,10,-0.3253822478347579,-3.0527193523834817,1.033224145999064
130,5,10,0.11010444649514929,1.0329941993943934,1.0493682732802994
133,5,10,0.18902168223762025,1.773391607030459,1.0735844642021526
134,5,10,0.175568440333791,1.6471739901032674,1.08165652784277
136,5,10,0.19242669304048687,1.80533724156386,1.0978006551240056
137,5,10,0.18183663329191913,1.7059818509349043,1.1058727187646233
138,5,10,0.1848361414971509,1.734123081154674,1.1139447824052409
139,5,10,0.17628308341225063,1.6538787343546149,1.1220168460458586
140,5,10,0.1509119377669278,1.41584796341056,1.1300889096864764
141,5,10,0.18421570578624308,1.7283021855335952,1.138160973327094
142,5,10,0.13194500389950348,1.237901174801895,1.1462330369677116
143,5,10,0.11746627767039501,1.1020625171873961,1.1543051006083294
144,5,10,0.10173480740015428,0.9544706800328454,1.162377164248947
145,5,10,0.07628690727948732,0.7157198025869017,1.1704492278895648
146,5,10,0.08645389195716355,0.8111059248706545,1.1785212915301824
147,5,10,0.08633781173495865,0.8100168662538677,1.1865933551708001
148,5,10,0.07403047255451109,0.694550049171764,1.1946654188114179
149,5,10,0.08335346285676186,0.7820178600531302,1.2027374824520356
150,5,10,0.06546781687688148,0.6142156582551126,1.2108095460926531
151,5,10,0.053008330232940826,0.49732140157139515,1.2188816097332709
152,5,10,0.026458835011149238,0.24823541609152516,1.2269536733738886
153,5,10,0.012456494475694909,0.11686618431661641,1.2350257370145064
154,5,10,0.10080181514164045,0.9457173951129024,1.2430978006551239
156,5,10,0.1280831035639618,1.2016690263987917,1.2592419279363594
157,5,10,-0.32565550184600855,-3.055283007327205,1.267313991576977
68,6,12,0.027673851595611976,0.2596346385922558,0.5489003275620028
69,6,12,0.1311162155716421,1.2301255257481187,0.5569723912026204
70,6,12,0.264744816080523,2.4838221165115626,0.5650444548432382
71,6,12,-0.020322973503227346,-0.19066908205387223,0.5731165184838558
73,6,12,0.004479399432057965,0.042025492860456565,0.5892606457650912
74,6,12,0.010400561394988862,0.0975775269161548,0.5973327094057089
76,6,12,0.026748750799228917,0.2509553909602273,0.6134768366869443
78,6,12,0.04041934597698381,0.3792122050164326,0.6296209639681797
79,6,12,0.05520985463795838,0.5179759892161232,0.6376930276087973
80,6,12,0.07549952310595491,0.7083326051589599,0.6457650912494151
81,6,12,0.08621899790206193,0.8089021610435243,0.6538371548900327
82,6,12,0.08442006325636658,0.7920246496146396,0.6619092185306504
83,6,12,0.0698520513177538,0.6553483181100962,0.6699812821712681
84,6,12,0.07012563443552744,0.6579150607141278,0.6780533458118858
85,6,12,0.10740402525118173,1.0076589875138926,0.6861254094525034
86,6,12,0.07732115291285312,0.7254230414117108,0.6941974730931212
87,6,12,0.07725957717923608,0.7248453410764872,0.7022695367337388
88,6,12,0.01526684414293042,0.14323273895573485,0.7103416003743566
90,6,12,0.13488712215047105,1.2655039754509658,0.7264857276555919
91,6,12,0.15422820241122437,1.446960986092764,0.7345577912962096
92,6,12,0.23569681938069476,2.211295319909647,0.7426298549368273
93,6,12,0.29352416166274997,2.75382844227895,0.750701918577445
95,6,12,0.21115056290614087,1.9810036163300069,0.7668460458586803
97,6,12,0.18636737521512364,1.7484890363811292,0.7829901731399157
98,6,12,0.17394940397836706,1.6319842750917555,0.7910622367805334
99,6,12,0.1636261899536621,1.5351324171870262,0.7991343004211511
100,6,12,0.15825530018391248,1.4847430082726236,0.8072063640617688
101,6,12,0.11704026767473913,1.0980657135304617,0.8152784277023865
103,6,12,0.24484871620120566,2.2971579406300573,0.8314225549836218
104,6,12,0.411363837647112,3.8593941630577517,0.8394946186242396
108,6,12,0.12674974526846247,1.1891595281104925,0.8717828731867103
110,6,12,0.09125481680411478,0.8561479524771192,0.8879270004679457
112,6,12,0.044166659384381586,0.41436930481008427,0.9040711277491811
113,6,12,0.06863865317894996,0.643964279782493,0.9121431913897987
114,6,12,0.051866405540758685,0.48660792340844605,0.9202152550304165
115,6,12,-0.07896618372562372,-0.7408566350721807,0.9282873186710341
116,6,12,0.030691498314696593,0.28794604340707647,0.9363593823116518
118,6,12,0.087621443152217,0.8220598295527813,0.9525035095928872
119,6,12,0.21911242787323426,2.055701419998919,0.9605755732335048
120,6,12,0.23626939348391646,2.216667180412824,0.9686476368741226
122,6,12,0.17340622992414143,1.626888244321542,0.984791764155358
123,6,12,0.26522713746374366,2.488347230682431,0.9928638277959756
124,6,12,0.25135732701426944,2.3582213892920216,1.0009358914365933
125,6,12,0.18237831978684546,1.7110639255010194,1.009007955077211
126,6,12,0.17349634320756815,1.6277336824671513,1.0170800187178286
127,6,12,0.07075819677750504,0.6638497277581784,1.0251520823584463
128,6,12,0.008351682745880305,0.07835505382661065,1.033224145999064
130,6,12,0.12408542678146955,1.1641630304211446,1.0493682732802994
133,6,12,0.3086875716322843,2.896090767191124,1.0735844642021526
134,6,12,0.20416320821233125,1.9154486174396168,1.08165652784277
136,6,12,0.2065932928441096,1.9382475452628913,1.0978006551240056
137,6,12,0.2383412907734057,2.2361056131910826,1.1058727187646233
138,6,12,0.1360713134164255,1.2766139964141825,1.1139447824052409
139,6,12,0.17199941365688384,1.613689567156812,1.1220168460458586
140,6,12,0.12641864064977668,1.186053121771942,1.1300889096864764
141,6,12,0.04611136120801318,0.43261439633281074,1.138160973327094
142,6,12,0.09738508654630165,0.9136618248590215,1.1462330369677116
143,6,12,0.06564805322105297,0.6159066262766212,1.1543051006083294
144,6,12,0.06800208004208651,0.6379919836691003,1.162377164248947
145,6,12,0.0754948903361411,0.7082891407531421,1.1704492278895648
146,6,12,0.07513983366516819,0.7049580175038421,1.1785212915301824
147,6,12,0.07800306355978902,0.7318206916902679,1.1865933551708001
148,6,12,0.08501641502630697,0.7976195909522189,1.1946654188114179
149,6,12,0.11805621734623313,1.1075973005910822,1.2027374824520356
150,6,12,0.12223347318139943,1.1467880979155416,1.2108095460926531
151,6,12,0.12449489716265734,1.1680046602740264,1.2188816097332709
152,6,12,0.1491057380074031,1.3989022910609992,1.2269536733738886
153,6,12,0.16190833466812074,1.5190155881047294,1.2350257370145064
154,6,12,0.14417192996434958,1.3526135602092055,1.2430978006551239
156,6,12,0.3600837478038347,3.3782870230762385,1.2592419279363594
68,7,7,0.2953017046423968,2.770505258207817,0.5489003275620028
69,7,7,0.24647590531776106,2.3124241444231393,0.5569723912026204
70,7,7,0.2921206670046423,2.7406609282787757,0.5650444548432382
71,7,7,0.23014294649245967,2.1591891728797594,0.5731165184838558
73,7,7,0.13835693761837511,1.2980576039865015,0.5892606457650912
74,7,7,0.05607072608194523,0.5260526403993419,0.5973327094057089
76,7,7,0.0488030168499171,0.45786736978994025,0.6134768366869443
78,7,7,0.14269611960530812,1.3387675840581592,0.6296209639681797
79,7,7,0.11922632046074876,1.1185751472490844,0.6376930276087973
80,7,7,0.11904307093224628,1.1168559096886543,0.6457650912494151
81,7,7,0.10236444626315445,0.9603779191489433,0.6538371548900327
82,7,7,0.10444191377672894,0.9798686114803133,0.6619092185306504
83,7,7,0.07075652222543989,0.6638340171976611,0.6699812821712681
84,7,7,0.07712663226214374,0.7235980587680347,0.6780533458118858
85,7,7,0.03209191747729444,0.3010847032680845,0.6861254094525034
87,7,7,0.05966828782495924,0.5598047778542119,0.7022695367337388
88,7,7,0.04549782773034013,0.42685825710551395,0.7103416003743566
90,7,7,0.07642569430087152,0.7170218952144454,0.7264857276555919
91,7,7,0.062441161707200606,0.5858197366245984,0.7345577912962096
92,7,7,0.0592549646989544,0.555927001749526,0.7426298549368273
93,7,7,-0.0168632874104611,-0.15821048678987049,0.750701918577445
95,7,7,0.03321413667824618,0.31161330553559813,0.7668460458586803
97,7,7,0.08439994348998398,0.7918358870112391,0.7829901731399157
98,7,7,-0.061616908568346486,-0.5780866364785799,0.7910622367805334
99,7,7,0.0392993995144526,0.3687049254627592,0.7991343004211511
100,7,7,0.00789620434278227,0.07408177910132134,0.8072063640617688
101,7,7,0.06157929284265293,0.5777337276934732,0.8152784277023865
103,7,7,0.023190338559893827,0.21757055211587506,0.8314225549836218
104,7,7,-0.01375020731051539,-0.12900373095157916,0.8394946186242396
108,7,7,-0.010069417371584122,-0.09447075088457747,0.8717828731867103
110,7,7,-0.023739423385316046,-0.22272203743451405,0.8879270004679457
112,7,7,0.056204335967580094,0.5273061614081291,0.9040711277491811
113,7,7,0.04310277890534707,0.40438803340212165,0.9121431913897987
86,8,8,0.2853952175038716,2.6775631103089803,0.6941974730931212
87,8,8,0.28860801569042777,2.707705416057582,0.7022695367337388
88,8,8,0.3264458060849692,3.062697600657358,0.7103416003743566
89,8,8,0.4089733348161813,3.8369665896345833,0.7184136640149742
90,8,8,0.42023111785936285,3.9425865255393466,0.7264857276555919
92,8,8,0.3094368467492672,2.903120427429487,0.7426298549368273
93,8,8,0.13884272573370823,1.3026152428580249,0.750701918577445
94,8,8,0.07741286915913993,0.726283518471633,0.7587739822180627
96,8,8,0.08241587719197413,0.773221480034057,0.7749181094992981
98,8,8,-0.02828481323607971,-0.26536664897644546,0.7910622367805334
100,8,8,-0.09705006031999801,-0.9105186262014459,0.8072063640617688
102,8,8,-0.0386057596552662,-0.3621972323239552,0.8233504913430042
104,8,8,-0.05385990655849775,-0.5053108464361913,0.8394946186242396
105,8,8,-0.06991019327314191,-0.655893802916289,0.8475666822648572
107,8,8,0.006780239989939186,0.0636118594939546,0.8637108095460926
108,8,8,0.01642835256548581,0.15412995066008062,0.8717828731867103
109,8,8,0.012236153312276548,0.11479895496354023,0.879854936827328
110,8,8,0.05164792560175781,0.484558155966203,0.8879270004679457
111,8,8,0.08172327037428506,0.766723478836936,0.8959990641085633
112,8,8,-0.02482480904548269,-0.23290506933511393,0.9040711277491811
114,8,8,-0.07256000572854178,-0.6807542057705159,0.9202152550304165
116,8,8,-0.05788660222504803,-0.5430890960771468,0.9363593823116518
117,8,8,0.09861796565269808,0.9252286326129495,0.9444314459522695
118,8,8,0.11218623702318524,1.0525254500229506,0.9525035095928872
124,8,8,0.17321013994916193,1.6250485383590572,1.0009358914365933
125,8,8,0.15671077009400602,1.4702523071751545,1.009007955077211
127,8,8,0.2814292648042693,2.640354748029604,1.0251520823584463
128,8,8,0.25441369180331935,2.3868960450286627,1.033224145999064
131,8,8,0.14041027284489563,1.3173218884538986,1.057440336920917
132,8,8,0.0805604508134221,0.7558139661010749,1.0655124005615348
133,8,8,0.009968351842871894,0.09352255934243972,1.0735844642021526
134,8,8,0.022119527460847728,0.20752425799086452,1.08165652784277
135,8,8,-0.0036130427998320577,-0.033897379926019794,1.0897285914833879
136,8,8,-0.03367416882298815,-0.3159293032285192,1.0978006551240056
138,8,8,-0.006180981601268356,-0.057989648410384335,1.1139447824052409
139,8,8,-0.02086375977678858,-0.19574271078988767,1.1220168460458586
140,8,8,-0.027320233553435665,-0.2563170124836188,1.1300889096864764
142,8,8,0.04288922343008659,0.4023844670229681,1.1462330369677116
143,8,8,0.13057853678177261,1.2250810512627306,1.1543051006083294
144,8,8,0.138457825971718,1.2990041332785245,1.162377164248947
145,8,8,0.11608526301614622,1.0891059094160607,1.1704492278895648
147,8,8,0.13306350189523977,1.2483948649153163,1.1865933551708001
148,8,8,0.1300478529228451,1.2201022028561994,1.1946654188114179
149,8,8,0.11461514902860032,1.0753133763265783,1.2027374824520356
150,8,8,0.14616940556533958,1.3713537725706146,1.2108095460926531
151,8,8,0.13411965169680354,1.2583036075086953,1.2188816097332709
152,8,8,0.10790410646871916,1.0123507235280689,1.2269536733738886
154,8,8,0.11083902614776474,1.0398859875491828,1.2430978006551239
155,8,8,0.1115599873510374,1.0466500081194319,1.2511698642957416
156,8,8,0.16480169023552552,1.5461608997888154,1.2592419279363594
157,8,8,0.0858688210458739,0.8056168199631317,1.267313991576977
158,8,8,0.022730690530754365,0.21325815817558993,1.2753860552175946
131,9,4,-0.06715168726878466,-0.6300136428301005,1.057440336920917
132,9,4,-0.09041926726535854,-0.8483088700938307,1.0655124005615348
133,9,4,-0.0628473895266057,-0.5896309449312183,1.0735844642021526
134,9,4,-0.06599017019106194,-0.6191163499234243,1.08165652784277
135,9,4,-0.0618095724117464,-0.5798941986525009,1.0897285914833879
136,9,4,-0.06068149364748535,-0.5693106222663011,1.0978006551240056
138,9,4,-0.03407519351947771,-0.3196916961061389,1.1139447824052409
139,9,4,0.0898615166479758,0.8430760827650248,1.1220168460458586
140,9,4,0.06145393616566834,0.5765576378596612,1.1300889096864764
142,9,4,0.022117914372109592,0.20750912407608954,1.1462330369677116
143,9,4,0.09616199712200463,0.9021868633941807,1.1543051006083294
144,9,4,0.0993638709616114,0.9322266774869945,1.162377164248947
145,9,4,0.10501463247711519,0.9852418285865794,1.1704492278895648
147,9,4,0.2112937663454074,1.982347143560782,1.1865933551708001
148,9,4,0.2163893205644661,2.0301533686365256,1.1946654188114179
149,9,4,0.2092131520719901,1.962826928491975,1.2027374824520356
150,9,4,0.1734127085570298,1.6269490265188713,1.2108095460926531
151,9,4,0.16272676976595818,1.526694103692055,1.2188816097332709
152,9,4,0.19184665332495246,1.7998953390736476,1.2269536733738886
154,9,4,0.1857588190210015,1.742779593769641,1.2430978006551239
155,9,4,0.14007304255092992,1.3141580113479727,1.2511698642957416
156,9,4,0.1443182348851983,1.3539861853791275,1.2592419279363594
157,9,4,0.20013824520105672,1.8776866234804832,1.267313991576977
158,9,4,0.2994409718015072,2.8093396477462367,1.2753860552175946
131,10,6,0.1286638698549686,1.2071177455823558,1.057440336920917
132,10,6,0.14528955727582363,1.363099081608092,1.0655124005615348
133,10,6,0.1403327845597946,1.3165948973869763,1.0735844642021526
134,10,6,0.10713990253537278,1.0051810019098237,1.08165652784277
135,10,6,0.07530374784145522,0.706495851793854,1.0897285914833879
136,10,6,0.06326671121312606,0.5935649992191611,1.0978006551240056
138,10,6,0.023345834991993022,0.21902941156704236,1.1139447824052409
139,10,6,0.03619805958766568,0.3396083153193872,1.1220168460458586
140,10,6,0.006653007690315447,0.06241817266594152,1.1300889096864764
141,10,6,-0.043100100797218974,-0.40436290753073556,1.138160973327094
142,10,6,-0.018442592592602135,-0.17302744599684555,1.1462330369677116
143,10,6,0.058820921809667887,0.5518548339016898,1.1543051006083294
144,10,6,0.1064725154284583,0.9989196107295536,1.162377164248947
145,10,6,0.08954174165862648,0.8400759704205718,1.1704492278895648
148,10,6,0.11739787836812456,1.1014207984854079,1.1946654188114179
149,10,6,0.1192795971439389,1.119074986324165,1.2027374824520356
150,10,6,0.18900280378885423,1.7732144904044767,1.2108095460926531
151,10,6,0.17864040953135646,1.6759950455902788,1.2188816097332709
152,10,6,0.22571056817837967,2.1176048297064085,1.2269536733738886
154,10,6,0.263042193010184,2.467848195281299,1.2430978006551239
155,10,6,0.1976037583150616,1.8539081991296604,1.2511698642957416
156,10,6,0.2486235913937313,2.3325736236605206,1.2592419279363594
157,10,6,0.24763734538291166,2.323320714801863,1.267313991576977
158,10,6,0.2237750731348697,2.0994461157166833,1.2753860552175946
86,11,16,0.1007131284005376,0.9448853407132968,0.6941974730931212
87,11,16,0.05153031329251691,0.4834547233884044,0.7022695367337388
88,11,16,0.020662957593701358,0.19385879513563686,0.7103416003743566
89,11,16,0.08805140354885281,0.8260936956665688,0.7184136640149742
90,11,16,0.09764435167227961,0.9160942368075461,0.7264857276555919
91,11,16,0.013502251111523885,0.12667741876877925,0.7345577912962096
92,11,16,0.0072090979140563395,0.0676353822678224,0.7426298549368273
93,11,16,0.024808740976112808,0.23275431954268583,0.750701918577445
96,11,16,0.03263206097901156,0.306152301552037,0.7749181094992981
98,11,16,0.008361231774629553,0.07844464231846378,0.7910622367805334
100,11,16,0.10523275360839102,0.9872882297133785,0.8072063640617688
102,11,16,0.07598877693886448,0.7129227592128139,0.8233504913430042
104,11,16,0.03277659105429376,0.30750827521302015,0.8394946186242396
105,11,16,0.07685290514366859,0.7210299651568995,0.8475666822648572
107,11,16,0.03775640701809846,0.3542286499881523,0.8637108095460926
109,11,16,0.03894936962471206,0.3654209632139451,0.879854936827328
110,11,16,0.0959788363190837,0.9004684582525494,0.8879270004679457
111,11,16,0.14927543658338135,1.4004943942885355,0.8959990641085633
112,11,16,0.14586666925525554,1.3685135162302255,0.9040711277491811
114,11,16,0.027643011712427366,0.25934530040970466,0.9202152550304165
117,11,16,0.09013657056747079,0.8456566243544286,0.9444314459522695
118,11,16,0.10634286066605425,0.9977031964815318,0.9525035095928872
121,11,16,0.08958544904003556,0.8404860308032674,0.9767197005147402
122,11,16,0.08318730575952304,0.7804589827952216,0.984791764155358
123,11,16,0.0016044249524342878,0.015052631587419686,0.9928638277959756
124,11,16,0.16636763771707294,1.5608525377424745,1.0009358914365933
125,11,16,0.050772210741071716,0.47634224461831703,1.009007955077211
127,11,16,0.11750859756720973,1.1024595602616785,1.0251520823584463
128,11,16,0.206499561595037,1.9373681635514701,1.033224145999064
131,11,16,0.04463385863752173,0.41875254394181566,1.057440336920917
132,11,16,0.08523330934271642,0.799654482165649,1.0655124005615348
133,11,16,0.027295009054893966,0.2560803575481857,1.0735844642021526
134,11,16,0.01542275809579026,0.14469551556499705,1.08165652784277
135,11,16,0.046640248999948807,0.437576394132092,1.0897285914833879
136,11,16,0.05496716407452251,0.5156990789526666,1.0978006551240056
138,11,16,-0.011050834448516038,-0.10367835493626247,1.1139447824052409
139,11,16,-0.014433355041327476,-0.13541298748682196,1.1220168460458586
140,11,16,-0.013419004704256693,-0.12589640529870816,1.1300889096864764
142,11,16,-0.013676913237506555,-0.12831608976470438,1.1462330369677116
143,11,16,0.028325871641425804,0.2657518568032771,1.1543051006083294
144,11,16,0.04511774733667134,0.4232923625893402,1.162377164248947
145,11,16,0.07567622740302787,0.709990435698006,1.1704492278895648
147,11,16,0.1241776923996422,1.1650286616595713,1.1865933551708001
148,11,16,0.10374520909637922,0.9733321643485083,1.1946654188114179
149,11,16,0.14637829618050885,1.3733135734746342,1.2027374824520356
150,11,16,0.15179628861304623,1.4241448971253134,1.2108095460926531
151,11,16,0.12067309478858754,1.1321487088632016,1.2188816097332709
152,11,16,0.12863086655885433,1.2068081103720427,1.2269536733738886
154,11,16,0.1359261612264943,1.2752521861058683,1.2430978006551239
155,11,16,0.14485437394782877,1.359016214223516,1.2511698642957416
156,11,16,0.15034159130448754,1.4104970025175152,1.2592419279363594
157,11,16,0.1050234029206868,0.9853241124327272,1.267313991576977
158,11,16,0.1846362423675608,1.7322476379014382,1.2753860552175946
112,12,15,0.051258537094615655,0.480904933212784,0.9040711277491811
114,12,15,0.05258260801357737,0.49332729781669227,0.9202152550304165
115,12,15,0.04492332585439491,0.42146831033875226,0.9282873186710341
116,12,15,0.06277847219170876,0.5889843660740294,0.9363593823116518
119,12,15,0.0633932512345035,0.5947521911286168,0.9605755732335048
120,12,15,0.07175687960612744,0.6732193181956287,0.9686476368741226
121,12,15,0.12276346936002655,1.1517604945412048,0.9767197005147402
122,12,15,0.1308978357004842,1.228076697137182,0.984791764155358
123,12,15,0.16358021407492682,1.5347010738802171,0.9928638277959756
124,12,15,0.1480499511672091,1.388996953752343,1.0009358914365933
126,12,15,0.10339003224062492,0.9699999135318305,1.0170800187178286
127,12,15,0.08392145885729185,0.7873467690345904,1.0251520823584463
128,12,15,0.0821335815827407,0.7705729972875814,1.033224145999064
129,12,15,0.06576971097176167,0.6170480129761946,1.0412962096396818
130,12,15,0.09853076522966564,0.9244105227722974,1.0493682732802994
131,12,15,0.06645645922100288,0.6234910493883677,1.057440336920917
133,12,15,0.040467488436599704,0.3796638750725551,1.0735844642021526
134,12,15,0.04087705380686626,0.3835063961080412,1.08165652784277
135,12,15,0.04493537624860551,0.4215813665114702,1.0897285914833879
136,12,15,0.046394868344708455,0.43527424556701977,1.0978006551240056
137,12,15,0.05702821710449428,0.5350357714512649,1.1058727187646233
138,12,15,0.04361622139863974,0.40920512421159494,1.1139447824052409
139,12,15,0.02817860425356999,0.2643702018178745,1.1220168460458586
140,12,15,0.08637626157198014,0.8103776006281386,1.1300889096864764
141,12,15,0.10467101517990272,0.9820180289478636,1.138160973327094
142,12,15,0.07854677806301842,0.7369217929249698,1.1462330369677116
148,12,15,0.09265713983877201,0.869304474366922,1.1946654188114179
149,12,15,0.11002274313346667,1.032227662697868,1.2027374824520356
150,12,15,0.13598660756356798,1.2758192905013706,1.2108095460926531
151,12,15,0.16563562960539918,1.5539848756512622,1.2188816097332709
152,12,15,0.1449920629122957,1.360308004938083,1.2269536733738886
153,12,15,0.17973932052679711,1.686304971484061,1.2350257370145064
138,13,9,0.05635780396302014,0.5287459901718952,1.1139447824052409
139,13,9,0.07259355520580783,0.6810689652240324,1.1220168460458586
140,13,9,0.06471425424197759,0.6071457727462619,1.1300889096864764
141,13,9,0.07920465545049056,0.743093964411263,1.138160973327094
142,13,9,0.07656390610183451,0.7183185911538679,1.1462330369677116
143,13,9,0.1517094909705553,1.4233305661507858,1.1543051006083294
147,13,9,0.10832425772535387,1.0162925607997457,1.1865933551708001
148,13,9,0.10986392810450915,1.0307376683433074,1.1946654188114179
149,13,9,0.10791755727625074,1.0124769183058422,1.2027374824520356
150,13,9,0.12012053562588175,1.1269646274925873,1.2108095460926531
151,13,9,0.14804390576185578,1.3889402360732506,1.2188816097332709
152,13,9,0.0882793018156442,0.8282318253710572,1.2269536733738886
153,13,9,0.10766163337037546,1.0100758535108143,1.2350257370145064
154,13,9,0.10609053260661319,0.995335867731021,1.2430978006551239
157,13,9,0.1189368806406744,1.1158596378874917,1.267313991576977
158,13,9,0.09488429499479208,0.8901995283865742,1.2753860552175946
159,13,9,0.08871899915720718,0.8323570429965208,1.2834581188582124
160,13,9,0.11905104549366897,1.1169307266098105,1.2915301824988301
165,13,9,-0.7886751345948129,-7.399309157590889,1.3318905007019186
112,14,14,0.06189606262082177,0.5807056453026886,0.9040711277491811
114,14,14,0.11301593771605797,1.0603096588378853,0.9202152550304165
115,14,14,0.10334987835684926,0.9696231918794017,0.9282873186710341
116,14,14,0.08229621266257486,0.7720987936333025,0.9363593823116518
119,14,14,0.13816209859961903,1.296229634430344,0.9605755732335048
120,14,14,0.1190688392331704,1.1170976665498003,0.9686476368741226
121,14,14,0.09997009147622375,0.9379142068746114,0.9767197005147402
122,14,14,0.10603548434009108,0.9948194077531166,0.984791764155358
123,14,14,0.08596363906305605,0.8065063976765219,0.9928638277959756
124,14,14,0.09917632751937415,0.9304671546508839,1.0009358914365933
126,14,14,0.09632096974608928,0.9036783362980402,1.0170800187178286
127,14,14,0.0867891131421517,0.814250952620484,1.0251520823584463
128,14,14,0.0903008462532811,0.8471978503080149,1.033224145999064
129,14,14,0.10411002160873115,0.9767548163950144,1.0412962096396818
130,14,14,0.14202077376219766,1.3324315244281881,1.0493682732802994
131,14,14,0.14681290562672727,1.3773910567301848,1.057440336920917
133,14,14,0.0824640655901281,0.7736735810831581,1.0735844642021526
134,14,14,0.07691090267132147,0.7215740949495804,1.08165652784277
135,14,14,0.0838865385759887,0.7870191487687824,1.0897285914833879
136,14,14,0.09200067845243193,0.8631455877297182,1.0978006551240056
137,14,14,0.08233221224414063,0.7724365398381272,1.1058727187646233
138,14,14,0.05529188258160824,0.5187455711238101,1.1139447824052409
139,14,14,0.061549004656159215,0.577449565500627,1.1220168460458586
140,14,14,0.10040552534633913,0.9419994248323517,1.1300889096864764
141,14,14,0.07646434641416322,0.7173845273341792,1.138160973327094
142,14,14,0.1306644096692168,1.2258867062334315,1.1462330369677116
148,14,14,0.1390448991652401,1.3045120234939755,1.1946654188114179
149,14,14,0.1271416139689618,1.1928360199091943,1.2027374824520356
150,14,14,0.0819422560949176,0.7687779914961825,1.2108095460926531
151,14,14,0.1573209177328925,1.4759766806387793,1.2188816097332709
152,14,14,0.21307018235422065,1.999013386307811,1.2269536733738886
153,14,14,0.20411212833429676,1.9149693886764285,1.2350257370145064
123,15,2,0.052998604409773886,0.497230154403496,0.9928638277959756
124,15,2,0.06728171792349057,0.6312335836801785,1.0009358914365933
125,15,2,0.07557662703351585,0.7090559902034003,1.009007955077211
126,15,2,0.0845832326369193,0.7935554962697488,1.0170800187178286
128,15,2,0.10369711201385375,0.9728809200178918,1.033224145999064
131,15,2,0.11723794692930191,1.099920330031467,1.057440336920917
133,15,2,0.1530634982873697,1.4360337924847781,1.0735844642021526
134,15,2,0.06724979589155988,0.6309340928342867,1.08165652784277
140,15,2,0.2630021277435043,2.4674723050298626,1.1300889096864764
141,15,2,0.27716309160409514,2.600329732604038,1.138160973327094
143,15,2,0.43976708978737505,4.125871999682822,1.1543051006083294
144,15,2,0.35103111458830155,3.2933556883430612,1.162377164248947
145,15,2,0.29085314408254603,2.728769094044974,1.1704492278895648
146,15,2,0.2740947283037823,2.5715425074577998,1.1785212915301824
147,15,2,0.26016236783469426,2.440829825031539,1.1865933551708001
148,15,2,0.24646902143485208,2.312359560191161,1.1946654188114179
149,15,2,0.26597442648350533,2.4953582574598,1.2027374824520356
150,15,2,0.22777514590572576,2.136974590732738,1.2108095460926531
151,15,2,0.1547792109486975,1.4521305195779681,1.2188816097332709
152,15,2,0.1635230616237841,1.5341648725514707,1.2269536733738886
153,15,2,0.0359173912334373,0.3369750993948672,1.2350257370145064
154,15,2,0.05527765704421238,0.5186121078706812,1.2430978006551239
155,15,2,-0.02516860004199278,-0.23613049861161992,1.2511698642957416
157,15,2,0.12583648678292497,1.1805913844238567,1.267313991576977
158,15,2,0.14998813066492625,1.4071808531520387,1.2753860552175946
159,15,2,0.28988940267994756,2.7197273222520035,1.2834581188582124
160,15,2,0.21057774049664763,1.9756294262302845,1.2915301824988301
162,15,2,0.24719387459906547,2.31916009493685,1.3076743097800654
114,16,1,0.6273027331453083,5.885321667112695,0.9202152550304165
117,16,1,0.17415366156466805,1.633900609159522,0.9444314459522695
122,16,1,-0.05269666834979724,-0.49439740596805826,0.984791764155358
124,16,1,-0.04939967628446799,-0.46346519762091853,1.0009358914365933
125,16,1,-0.02621815186952362,-0.2459773393552488,1.009007955077211
128,16,1,0.19221585233838068,1.8033591450454645,1.033224145999064
131,16,1,0.23221129114775785,2.1785942750285225,1.057440336920917
133,16,1,0.1860790465557546,1.745783951871572,1.0735844642021526
134,16,1,0.25292338562529293,2.372914069856654,1.08165652784277
140,16,1,0.14585712403247156,1.368423963445741,1.1300889096864764
141,16,1,0.13486557129565624,1.2653017864502096,1.138160973327094
143,16,1,0.10608726792681088,0.9953052386746475,1.1543051006083294
144,16,1,0.13024700737420522,1.221970659576952,1.162377164248947
145,16,1,0.1152667933677637,1.0814270696773154,1.1704492278895648
146,16,1,0.18373842749777355,1.7238243854157986,1.1785212915301824
147,16,1,-0.03463270029568868,-0.3249221957297338,1.1865933551708001
148,16,1,-0.007498952811347652,-0.07035478586231006,1.1946654188114179
149,16,1,-0.01921513466862857,-0.18027539563672287,1.2027374824520356
150,16,1,-0.012788585924186923,-0.11998184904116363,1.2108095460926531
151,16,1,0.23565766543699876,2.2109279796431194,1.2188816097332709
152,16,1,0.2983912337997,2.7994910603252148,1.2269536733738886
153,16,1,0.39715183830545514,3.726057923250441,1.2350257370145064
154,16,1,0.5048609057149639,4.736578800453198,1.2430978006551239
155,16,1,0.5152559997817379,4.834105033179953,1.2511698642957416
157,16,1,0.5388853385995873,5.055794262919087,1.267313991576977
158,16,1,0.531150769010919,4.983228932687317,1.2753860552175946
159,16,1,0.4148806481453522,3.892388696527492,1.2834581188582124
160,16,1,0.3004606836675779,2.8189065315210082,1.2915301824988301
161,16,1,0.19283657067881854,1.8091826922821173,1.2996022461394479
162,16,1,0.07304454838771558,0.6853001598370279,1.3076743097800654
142,17,5,0.12312175966402403,1.1551219555676218,1.1462330369677116
143,17,5,0.08598183423061549,0.8066771037937062,1.1543051006083294
144,17,5,0.05445225993848814,0.5108682750868925,1.162377164248947
146,17,5,0.0350977681677978,0.32928543835531277,1.1785212915301824
148,17,5,0.028826450641357547,0.2704482629860276,1.1946654188114179
149,17,5,0.042768945325263145,0.40125602408944644,1.2027374824520356
150,17,5,0.09113546484327306,0.8550281985783402,1.2108095460926531
151,17,5,0.12388574375079081,1.1622896145966737,1.2188816097332709
153,17,5,0.2600388036654147,2.4396705524119326,1.2350257370145064
158,17,5,0.11801292073201154,1.1071910940048089,1.2753860552175946
160,17,5,0.10583707546579654,0.9929579459976764,1.2915301824988301
161,17,5,1.0875648689381965e-05,0.00010203477124130267,1.2996022461394479
162,17,5,-0.004194188011926696,-0.03934965412755292,1.3076743097800654
165,17,5,0.042828527083653305,0.4018150170526367,1.3318905007019186
168,17,5,0.12822242619578358,1.202976144095647,1.3561066916237716
172,17,5,0.016984030696285773,0.15934329402738928,1.3883949461862424
176,17,5,0.03983547381508628,0.3737343467134568,1.4206832007487131
179,17,5,-0.03180199176821414,-0.29836463532106977,1.4448993916705661
141,18,13,0.11246950878744227,1.0551830910051667,1.138160973327094
142,18,13,0.1874091280549496,1.758262707427105,1.1462330369677116
143,18,13,0.07360284154483833,0.690538037245501,1.1543051006083294
144,18,13,0.054419960028548486,0.5105652390091434,1.162377164248947
146,18,13,0.09253696155677499,0.8681769679659742,1.1785212915301824
147,18,13,0.0955832566681918,0.8967571505099707,1.1865933551708001
148,18,13,0.08301346727141692,0.7788280391270835,1.1946654188114179
150,18,13,0.10896266932576663,1.0222821052826885,1.2108095460926531
151,18,13,0.07336095706408631,0.6882686896079252,1.2188816097332709
152,18,13,0.17087168514179646,1.6031092767901716,1.2269536733738886
153,18,13,0.18792979885342312,1.7631476138204258,1.2350257370145064
157,18,13,0.14905738145982084,1.3984486124426936,1.267313991576977
158,18,13,0.14063912062353479,1.3194689264292356,1.2753860552175946
159,18,13,0.133269430961926,1.2503268807252585,1.2834581188582124
162,18,13,0.06977563711065958,0.6546314039872582,1.3076743097800654
163,18,13,0.1086675147789947,1.0195129806519794,1.3157463734206831
164,18,13,0.10622069462542152,0.9965570410322863,1.3238184370613009
184,18,13,0.2063676050994935,1.936130154562661,1.4852597098736546
185,18,13,0.24501916184850814,2.298757052841963,1.4933317735142724
